<?xml version="1.0" encoding="utf-8"?>
<install type="module" version="1.5.0">
    <name>Qlue Accordion</name>
	<creationDate>15/03/2010</creationDate>
    <author>Aaron Harding</author>
	<authorEmail>info@qlue.info</authorEmail>
	<authorUrl>Qlue.co.uk</authorUrl>
	<copyright>(C) 2010 Qlue.co.uk</copyright>
    <license>http://www.gnu.org/copyleft/gpl.html GNU/GPL</license>
	<version>1.52</version>
    <description>An accordion module to show a collection of articles</description>
    <files>
        <filename>mod_qaccordion.xml</filename>
        <filename module="mod_qaccordion">mod_qaccordion.php</filename>
        <filename>index.html</filename>
        <filename>helper.php</filename>
        <filename>tmpl/default.php</filename>
        <filename>tmpl/index.html</filename>
		<filename>style/qaccordion.css</filename>
		<filename>style/index.html</filename>
		<filename>images/arrow1.png</filename>		
		<filename>images/arrow2.png</filename>		
		<filename>images/index.html</filename>
    </files>
    <params>
	 <param name="categoryId" type="category" default="" label="Select Category" description="Select the required category" />	
	 <param name="orderBy" type="list" default="" label="Select Order" description="Select the order you wish to display the articles in the module" >
	      <option value="article">Article Order</option>
		  <option value="alpha">Alphabetical Order</option>
		  <option value="modified">Modified Order</option>
		  <option value="newDate">Newest</option>
		  <option value="oldDate">Oldest</option>
	 </param>
	 <param name="countItem" type="text" default="5" label="Count" description="Enter the amount of Items to display, default is 5. To show all put in 0" />
	 <param name="arrayId" type="text" default="0" label="Index to open" description="Enter the number to the item you wish to open first, Number starts from 0" />
	 <param name="readMore" type="radio" default="1" label="Read More" description="Select Yes if you want to include the read more link in the accordion" >
	       <option value="0" >No</option>
		   <option value="1" >Yes</option>
	 </param>
	 <param name="hover" type="radio" default="0" label="On Hover" description="Select on if you want to activate the accordion on mouseover, select off if you want to click to activate the accordion." >
	       <option value="0" >Off</option>
		   <option value="1" >On</option>
	 </param>	
	 <param name="alwaysHide" type="radio" default="0" label="Close All" description="Turning this 'on' will allow the user to be able to close all items" >
	       <option value="0" >Off</option>
		   <option value="1" >On</option>
	 </param> 
	 <param name="opacity" type="radio" default="0" label="Opacity" description="Turning this on will give the content a opacity transition as it is sliding" >
	       <option value="0" >Off</option>
		   <option value="1" >On</option>
	 </param>
	 <param name="moduleclass_sfx" type="text" default="" label="Module Class Suffix" description="PARAMMODULECLASSSUFFIX" />
    </params>
</install>