<?xml version="1.0" encoding="utf-8"?>
<!DOCTYPE install PUBLIC "-//Joomla! 1.5//DTD template 1.0//EN" "http://dev.joomla.org/xml/1.5/template-install.dtd">
<install version="1.5" type="template">
	<name>Refresh</name>
	<creationDate>8/2010</creationDate>
	<author>Pixel Point Creative</author>
	<authorEmail>info@pixelpointcreative.com</authorEmail>
	<authorUrl>http://www.pixelpointcreative.com</authorUrl>
        <version>1.0</version>
	

 <description>
<![CDATA[

Refresh is a simple clean resume/personal site template. 
<ul>
<li><strong>Version:</strong> 1.0</li>
<li><strong>Date: </strong>August 2010</li>
<li><strong>Author: </strong>Pixel Point Creative</li>
<li><strong>Author URL: </strong><a href="http://www.pixelpointcreative.com" title="Pixel Point Creative" target="_blank">http://www.pixelpointcreative.com</a></li>
</ul>
<p></p>
<img src="../templates/refresh/thumb.png"/>
]]></description>

<files>
<filename>index.php</filename>
<filename>templateDetails.xml</filename>
<filename>template_thumbnail.png</filename>
<filename>mods.php</filename>
<filename>thumb.png</filename>
<filename>params.ini</filename>
<folder>images</folder>
<folder>css</folder>
<folder>html</folder>
<folder>js</folder>
</files>

<positions>
<position>breadcrumbs</position>
<position>top</position>
<position>left</position>
<position>right</position>
<position>above1</position>
<position>above2</position>
<position>above3</position>
<position>user1</position>
<position>user2</position>
<position>footer</position>
<position>debug</position>
</positions>

<params addpath="/templates/refresh/elements">
<param name="totalwidth" type="text" default="960px" label="Overall width" description="Define overall site width in px."></param>
<param name="bgVariation" type="text" default="#ffffff" label="Background Color" size="30" description="Background color"></param>
<param name="colorVariation" type="text" default="#000000" label="Text Color" size="30" description="Text color"></param>
<param name="styleVariation" type="list" default="style1" label="Highlight Color" description="Highlight color to use for the template">
<option value="style1">Style 1</option>
<option value="style2">Style 2</option>
<option value="style3">Style 3</option>
<option value="style4">Style 4</option>
<option value="style5">Style 5</option>
<option value="style6">Style 6</option>
<option value="style7">Style 7</option>
</param>

<param name="fontVariation" type="list" default="Junction_400.font.js" label="Font" description="Font to use for the template">
<option value="Marketing_Script_400.font.js">Marketing Script</option>
<option value="Fertigo_Pro_400.font.js">Fertigo</option>
<option value="Daniel_400.font.js">Daniel</option>
<option value="Yanone_Kaffeesatz_Regular_400.font.js">Kaffeesatz</option>
<option value="Junction_400.font.js">Junction</option>
<option value="ChunkFive_400.font.js">Chunk Five</option>
<option value="Delicious_500.font.js">Delicious</option>
<option value="Xenophone_400.font.js">Xenophone</option>
<option value="WC_Roughtrad_400.font.js">WC Roughtrad</option>
<option value="Snickles_400.font.js">Snickles</option>
</param>

<param name="headline" type="text" default="{re}fresh" label="Site Title" size="30" description="The site title or logo"></param>
<param name="alt" type="text" default="My website" label="Alt Text" size="30" description="The logo title/alt text"></param>
<param name="enableIe6warn" type="radio" default="0" label="IE6 Warning" description="Enable/Disable IE6 Warning">
<option value="1">Enabled</option>
<option value="0">Disabled</option>
</param>
</params>
	
</install>
